Page,Section,Élément,Texte actuel,Commentaire
"Toutes les pages","Navigation","Logo","NOVARYTHM CLUBS",""
"Toutes les pages","Navigation","Lien","Accueil",""
"Toutes les pages","Navigation","Lien","Offre clubs",""
"Toutes les pages","Navigation","Lien","Catalogue B2B",""
"Toutes les pages","Navigation","Lien","Contact",""
"Toutes les pages","Footer","Texte","NovaRythm Clubs — équipement sur mesure pour clubs de gymnastique rythmique",""
"Toutes les pages","Footer","Bouton","equipe@novarythm.com →",""
"Accueil","Hero","Eyebrow","NOVARYTHM — COLLECTION CLUB 2026",""
"Accueil","Hero","Titre (H1)","Votre club, à chaque entraînement.",""
"Accueil","Hero","Texte","Vestes, joggings, activewear et velours — à vos couleurs, avec votre logo.",""
"Accueil","Hero","Bouton CTA","Télécharger le catalogue","Le bouton ouvre /contact.html, ne télécharge rien directement — à vérifier si c'est voulu"
"Accueil","Hero","Mention","25 pages · PDF","À vérifier : le PDF fait-il vraiment 25 pages ?"
"Accueil","Barre de preuves","Chiffre","30 → 500+",""
"Accueil","Barre de preuves","Libellé","Pièces par commande",""
"Accueil","Barre de preuves","Chiffre","≈ 24 jours",""
"Accueil","Barre de preuves","Libellé","Ouvrés constatés",""
"Accueil","Barre de preuves","Chiffre","3 commandes",""
"Accueil","Barre de preuves","Libellé","Sur une saison (Thiais GR)",""
"Accueil","Barre de preuves","Chiffre","6 ans → 2XL",""
"Accueil","Barre de preuves","Libellé","Toutes tailles",""
"Accueil","Les 3 vestiaires","Eyebrow","La collection",""
"Accueil","Les 3 vestiaires","Titre (H2)","Les trois vestiaires",""
"Accueil","Les 3 vestiaires","Carte","Vestes & joggings",""
"Accueil","Les 3 vestiaires","Carte","Activewear",""
"Accueil","Les 3 vestiaires","Carte","Velours premium",""
"Accueil","Les modèles","Eyebrow","Modèles",""
"Accueil","Les modèles","Titre (H2)","Les modèles",""
"Accueil","Les modèles","Modèle","Nova Band — NR-101",""
"Accueil","Les modèles","Modèle","Azur Panel — NR-102","Photo manquante (fichier à fournir)"
"Accueil","Les modèles","Modèle","Onyx Panel — NR-103",""
"Accueil","Les modèles","Modèle","Onyx Éclat — NR-104",""
"Accueil","Les modèles","Modèle","Club Active — NR-201",""
"Accueil","Les matières","Eyebrow","Matières",""
"Accueil","Les matières","Titre (H2)","Les matières",""
"Accueil","Les matières","Matière + attributs","FlexCotton — Souple / Respirant / Entretien facile","Photo macro manquante"
"Accueil","Les matières","Matière + attributs","Lycra — Extensible / Ajusté / Séchage rapide","Photo macro manquante"
"Accueil","Les matières","Matière + attributs","Velours — Doux au toucher / Dense / Finition premium","Photo macro manquante"
"Accueil","Personnalisation","Eyebrow","Personnalisation",""
"Accueil","Personnalisation","Titre (H2)","Votre club. Votre identité.",""
"Accueil","Personnalisation","Item","Marquage dos — Logo, nom du club ou identité d'équipe.",""
"Accueil","Personnalisation","Item","Prénom / initiales — Une personnalisation discrète pour chaque membre.",""
"Accueil","Personnalisation","Item","Placement sur mesure — Poitrine, dos ou manche selon le design.",""
"Accueil","Personnalisation","Visuels","4 macros (logo poitrine, logo velours poitrine, logo velours hanche, brassière)","Les 4 photos sont manquantes"
"Accueil","Process","Eyebrow","Process",""
"Accueil","Process","Titre (H2)","Du croquis à la production",""
"Accueil","Process","Étape 01","Partagez votre univers",""
"Accueil","Process","Étape 02","Découvrez votre design",""
"Accueil","Process","Étape 03","Validez chaque détail",""
"Accueil","Process","Étape 04","Nous lançons la production — jusqu'à 45 jours ouvrés annoncés",""
"Accueil","Preuve / témoignages","Eyebrow","Preuve",""
"Accueil","Preuve / témoignages","Titre (H2)","Ils portent NovaRythm",""
"Accueil","Preuve / témoignages","Texte alternatif images (x6)","Club portant NovaRythm","Alt générique identique sur les 6 photos — à rendre spécifique par club si possible"
"Accueil","CTA final","Eyebrow","Prêt à équiper votre club ?",""
"Accueil","CTA final","Titre (H2)","Créons votre collection club.",""
"Accueil","CTA final","Texte","Envoyez votre logo et vos couleurs — vous recevez une maquette de votre collection, sans engagement.",""
"Accueil","CTA final","Bouton","Télécharger le catalogue",""
"Catalogue B2B","§01","Eyebrow","Catalogue B2B",""
"Catalogue B2B","§01","Titre (H1)","Trois pièces, un même vestiaire",""
"Catalogue B2B","§01","Carte produit","Réf. NR-100 → NR-111 — Veste club — Veste zippée aux couleurs du club, coupe entraînement et compétition. — 24–30 € HT/pc (< 100 pièces)",""
"Catalogue B2B","§01","Carte produit","Réf. NR-112 → NR-115 — Débardeur club — Débardeur technique, logo et couleurs du club, entraînement quotidien. — 18–20 € HT/pc (< 100 pièces)",""
"Catalogue B2B","§01","Carte produit","Réf. NR-116 → NR-119 — Bas club — Legging ou jogging assorti, même univers couleur que la veste. — 18–24 € HT/pc (< 100 pièces)",""
"Catalogue B2B","§02","Eyebrow","Grille tarifaire",""
"Catalogue B2B","§02","Titre (H2)","Tarifs HT indicatifs",""
"Catalogue B2B","§02","Texte","Hors personnalisation — chaque projet fait l'objet d'un devis chiffré selon quantités, coupes et finitions retenues.",""
"Catalogue B2B","§02","Tableau — Veste club","< 100 pièces : 24–30 € HT/pc  /  ≥ 100 pièces : 20–26 € HT/pc",""
"Catalogue B2B","§02","Tableau — Débardeur club","< 100 pièces : 18–20 € HT/pc  /  ≥ 100 pièces : 15–18 € HT/pc",""
"Catalogue B2B","§02","Tableau — Bas club","< 100 pièces : 18–24 € HT/pc  /  ≥ 100 pièces : 16–19 € HT/pc",""
"Catalogue B2B","§03","Eyebrow","Tailles disponibles",""
"Catalogue B2B","§03","Enfants","6 ans / 8 ans / 10 ans / 12 ans",""
"Catalogue B2B","§03","Adultes","XS / S / M / L / XL / XXL",""
"Offre clubs","§01","Eyebrow","Offre clubs",""
"Offre clubs","§01","Titre (H1)","Personnalisation incluse, sans supplément",""
"Offre clubs","§02","Eyebrow","Personnalisation",""
"Offre clubs","§02","Titre (H2)","Chaque référence se personnalise entièrement",""
"Offre clubs","§02","Badges","Couleurs / Logos / Coupes / Marquages / Broderies",""
"Offre clubs","§03","Eyebrow","Notre atelier",""
"Offre clubs","§03","Titre (H2)","Vos tenues, fabriquées avec exigence",""
"Offre clubs","§03","Étape atelier 1","On confectionne. — Chaque pièce est coupée et montée pour votre commande, aux couleurs et au logo de votre club.","Photo manquante (coupe/montage en cours de confection)"
"Offre clubs","§03","Étape atelier 2","On contrôle. — Couleurs, logo, finitions vérifiés avant expédition, référence par référence.","Photo manquante (contrôle qualité / finition)"
"Offre clubs","§04","Eyebrow","Du devis à la livraison",""
"Offre clubs","§04","Titre (H2)","Quatre étapes, un seul interlocuteur",""
"Offre clubs","§04","Étape 01","Votre projet — Le produit, les quantités par taille, le délai souhaité, votre logo et vos couleurs.",""
"Offre clubs","§04","Étape 02","Maquette 3D & devis — Une proposition personnalisée et chiffrée, avant tout engagement.",""
"Offre clubs","§04","Étape 03","Fabrication — Fabrication standard : 45 jours ouvrés — nous ne promettons jamais moins, pour tenir ce que nous annonçons.",""
"Offre clubs","§04","Étape 04","Livraison — France : +5 à 10 jours. International : +10 à 21 jours selon la zone.",""
"Contact","§01","Eyebrow","Parlons de votre club",""
"Contact","§01","Titre (H1)","Chaque club a sa couleur. La vôtre commence ici.",""
"Contact","§02","Eyebrow","Commencez aujourd'hui",""
"Contact","§02","Titre (H2)","Même avec une simple idée, on avance ensemble",""
"Contact","§02","Texte intro","Transmettez-nous ces quatre informations pour recevoir un devis sous quelques jours :",""
"Contact","§02","Liste (4 points)","Le produit / Les quantités par taille / Le délai souhaité / Votre logo et vos couleurs",""
"Contact","§02","Champ formulaire","Nom du club (placeholder : GR Toulouse)",""
"Contact","§02","Champ formulaire","Email (placeholder : club@exemple.com)",""
"Contact","§02","Champ formulaire","Votre projet (placeholder : Produit, quantités par taille, délai souhaité, couleurs souhaitées...)",""
"Contact","§02","Note sous le champ","Vous pourrez joindre votre logo directement dans l'email qui va s'ouvrir.",""
"Contact","§02","Bouton","Envoyer la demande →",""
"Contact","§03","Eyebrow","Questions fréquentes",""
"Contact","§03","Titre (H2)","Vous vous posez peut-être la question…",""
"Contact","§03","FAQ Q1","Est-ce vraiment sans engagement ?",""
"Contact","§03","FAQ R1","Vous recevez une maquette 3D et un devis chiffré avant toute validation — rien n'est engagé tant que vous n'avez pas donné votre accord.",""
"Contact","§03","FAQ Q2","Quels types de tenues proposez-vous ?",""
"Contact","§03","FAQ R2","Trois références club : veste, débardeur, et bas (legging ou jogging) — voir le catalogue B2B pour le détail et les tarifs.",""
"Contact","§03","FAQ Q3","Et si on est un petit club ?",""
"Contact","§03","FAQ R3","Nos tarifs comportent un palier ""< 100 pièces"" pensé pour les petits effectifs, pas seulement les gros clubs.",""
"Contact","§03","FAQ Q4","Peut-on faire plusieurs tailles ou couleurs dans une commande ?",""
"Contact","§03","FAQ R4","Oui — une même commande peut mélanger tailles enfants (6 à 12 ans) et adultes (XS à XXL) ; la personnalisation couleurs est incluse par référence.",""
"Contact","§03","FAQ Q5","Peut-on tester les textiles avant de commander ?",""
"Contact","§03","FAQ R5","[À préciser avec l'équipe — indiquer ici la politique d'échantillons si elle existe]","INCOMPLET — réponse à rédiger, c'est la priorité de cet export"
"Contact","§03","FAQ Q6","Quels sont les délais réels ?",""
"Contact","§03","FAQ R6","Fabrication : 45 jours ouvrés. Livraison : +5 à 10 jours en France, +10 à 21 jours à l'international selon la zone.",""
